id,make,model,year,color,vin
1,Toyota,Celica,1998,Red,WAUDK78T88A379481
2,Mercedes-Benz,M-Class,2005,Green,WA1YD64B92N278983
3,Mitsubishi,Pajero,1986,Aquamarine,1G6AB5SX0D0433512
4,Chevrolet,G-Series 1500,1998,Fuscia,4USBU53568L239719
5,Hyundai,Accent,1998,Crimson,WP0AA2A80CU507186
6,Toyota,Celica,1983,Goldenrod,2C3CDXBG3DH747893
7,Mitsubishi,3000GT,1995,Indigo,19UUA9F23DA877904
8,Subaru,Forester,2006,Green,3VW1K7AJXDM086545
9,GMC,Suburban 2500,1996,Maroon,3FADP4AJ6EM830472
10,Volvo,XC70,2007,Crimson,1FMJK1H53CE875822
11,Ford,Explorer Sport,2002,Turquoise,2T1BU4EE9DC564962
12,Honda,Insight,2005,Goldenrod,SALGR2VF6EA362843
13,Chevrolet,Corvette,1958,Yellow,19UUA9F79CA020447
14,Chevrolet,2500,1993,Aquamarine,WBA3N3C50FK884023
15,Mercury,Grand Marquis,1985,Orange,WAUAF98E95A142482
16,Chevrolet,3500,1997,Maroon,JN8CS1MU7FM524603
17,Volvo,850,1996,Khaki,WAUHE78P68A617601
18,GMC,1500,1995,Khaki,3GYFNBEYXBS407299
19,Jeep,Wrangler,2012,Green,1GYS4AEF8ER785879
20,Chevrolet,Silverado,2003,Yellow,3MZBM1U73EM506191
21,Chevrolet,1500,1993,Maroon,WBA3B3C55DF169429
22,Toyota,Supra,1994,Mauv,1C3CDFEB4ED745739
23,Volkswagen,Golf III,1993,Goldenrod,1GYS3FEJXCR111833
24,Pontiac,Firebird Formula,1999,Red,19UUA9F77CA834886
25,Chevrolet,G-Series G30,1992,Teal,WBA5A5C51ED749054
26,Cadillac,STS-V,2009,Turquoise,WAUKH68DX1A495618
27,Acura,NSX,2002,Fuscia,1G6DP57V390249095
28,Land Rover,Defender 90,1995,Yellow,WAUDFAFL8CN291987
29,Nissan,Sentra,2012,Fuscia,2C3CDXEJ1FH572067
30,Acura,Integra,1995,Teal,WAUED54BX1N878510
31,Ford,E150,2005,Blue,WAU3FAFR5AA771456
32,Oldsmobile,Aurora,1998,Crimson,1GD220CG5CZ553203
33,Isuzu,Oasis,1998,Crimson,5GAEV23788J446626
34,Kia,Sportage,2011,Yellow,WAULF78KX9N123084
35,Volkswagen,Touareg,2005,Yellow,1N6AA0EC3DN978261
36,Lincoln,Navigator,2008,Orange,3D7JB1EP0BG550720
37,Volkswagen,GTI,2005,Blue,SALAG2D47BA917614
38,Mazda,Protege5,2003,Goldenrod,WA1KK98R19A846472
39,Saturn,VUE,2005,Teal,3GYFNDEYXBS640725
40,Mercury,Villager,1998,Pink, null
41,GMC,Vandura 2500,1994,Yellow,5YMGZ0C50AL620236
42,Dodge,Ram,2011,Green,3D7TP2CT7AG999925
43,Mercury,Grand Marquis,1990,Maroon,1GYS4LKJ0FR453876
44,Saab,9-5,1999,Crimson,2FMHK6CT7AB789987
45,Pontiac,Sunbird,1986,Indigo,WAUAH94F17N417606
46,Toyota,Solara,2006,Maroon,3D7TT2CT5AG043693
47,Maybach,Landaulet,2011,Purple,3GYFNBEY9AS539565
48,Pontiac,G8,2008,Mauv,1N4AL2AP8AC697913
49,Mercury,Mariner,2009,Goldenrod,1G4GL5E31CF706588
50,Dodge,Ram 3500,1998,Fuscia,1G6DG577590914614
51,GMC,Envoy XL,2003,Aquamarine,KNADH5A31A6736926
52,Audi,Q5,2012,Goldenrod,1FTWF3D52AE307302
53,Oldsmobile,Silhouette,2003,Violet,WVWAP7AN0DE836046
54,Toyota,Corolla,2005,Teal,WBAEU33402K618482
55,Mazda,B-Series,2005,Crimson,1C4RDJAG7DC137227
56,Pontiac,Montana,2002,Aquamarine,SCBLF34F36C153669
57,Chevrolet,Silverado 2500,2000,Indigo,1G6AH5R38D0281979
58,Chevrolet,Malibu,2008,Crimson,NM0KS7AN6AT784882
59,BMW,X5,2013,Green,4A31K5DF8AE119541
60,Austin,Mini,1959,Pink,5NPDH4AEXFH627215
61,Cadillac,STS,2010,Khaki,WBA3B5C56FP228304
62,Cadillac,SRX,2008,Goldenrod,WAUDF78E38A743845
63,Suzuki,X-90,1997,Puce,WAUJC68E95A263245
64,Ford,E250,2010,Fuscia,3HGGK5G53FM493882
65,Subaru,Justy,1991,Fuscia,1D4PU4GK7BW823965
66,GMC,Sierra 2500,2012,Teal,5N1AN0NU9AC445575
67,Pontiac,Trans Sport,1990,Yellow,WBAKA83539C882401
68,Volkswagen,Jetta,2011,Aquamarine,WAUVC58E23A602257
69,Ford,E250,2007,Goldenrod,WAUFEBFM0BA121316
70,GMC,Vandura 3500,1992,Mauv,WBABW33456P055001
71,GMC,Jimmy,1998,Violet,1FTEW1CMXBF938223
72,Chevrolet,Equinox,2010,Goldenrod,SCFAB01A67G943955
73,Ford,Tempo,1992,Blue,
74,Mercedes-Benz,E-Class,1995,Maroon,1FMCU5K35AK770988
75,Audi,RS4,2008,Yellow,1G6DC5E55C0530305
76,Chevrolet,Express,2006,Goldenrod,JTEBU5JR0B5259452
77,BMW,3 Series,1992,Purple,JTDKN3DP4E3205717
78,Jeep,Commander,2007,Orange,JN1CV6FE0AM913293
79,Mazda,Mazda6,2010,Yellow,3GYFK66N06G179939
80,Subaru,Brat,1985,Pink,WBANA73515C497162
81,Audi,Cabriolet,1994,Violet,WBANE73556B935872
82,Mercedes-Benz,C-Class,2003,Violet,SALVN2BG0EH878722
83,BMW,325,2006,Maroon,WAUDV94F29N574621
84,Chevrolet,Express 1500,2004,Yellow,3C4PDDAGXET599683
85,Jeep,Liberty,2002,Turquoise,1G6YV36A375485885
86,Nissan,Frontier,2007,Teal,
87,Mercedes-Benz,C-Class,2002,Fuscia,1GD311CG9FF802587
88,Mazda,B2000,1985,Maroon,3FAHP0DC9AR589494
89,Chevrolet,Corvette,1989,Goldenrod,4T1BF1FK4DU993180
90,Dodge,Ram 3500,2001,Violet,JM3TB2BA6B0232511
91,Chevrolet,Sportvan G30,1992,Turquoise,WDDGF4HB6DA577910
92,Volkswagen,New Beetle,1999,Maroon,4JGBB9FBXAA659579
93,Jeep,Liberty,2011,Red,ZFF75VFAXF0435440
94,Ford,Focus,2013,Pink,WBAFB33561L629840
95,Honda,S2000,2006,Blue,1FMCU0C73CK577312
96,Hyundai,Accent,1999,Turquoise,3N1CN7AP2EL548713
97,Cadillac,Escalade EXT,2003,Red,5TFBW5F17BX861495
98,Buick,Century,1997,Puce,5J8TB4H5XGL811328
99,Kia,Borrego,2009,Khaki,WBAVB13576K182898
100,Pontiac,Grand Prix,1972,Mauv,WAUMF78K99A645703
101,Lincoln,Town Car,1988,Fuscia,5UXFG2C5XCL098464
102,Pontiac,GTO,1973,Pink,JTDKDTB37E1269782
103,Dodge,Intrepid,1997,Crimson,WBA3V7C58EP597327
104,Nissan,Altima,2005,Fuscia,WAUEFAFL6CN614292
105,Subaru,Legacy,2008,Crimson,3D73M3HL7BG837558
106,Honda,Accord,1989,Khaki,SCBLC37F16C953326
107,Saab,9000,1986,Puce,
108,Toyota,T100,1995,Orange,
109,Chevrolet,Suburban 1500,2011,Khaki,SAJWA4FB7DL267620
110,Lincoln,Town Car,2002,Indigo,5TDDK3DC7CS231531
111,Cadillac,Escalade ESV,2009,Turquoise,1G6DJ1E35C0299399
112,Mitsubishi,Endeavor,2009,Pink,WAUDFAFL0CA612864
113,Chevrolet,Suburban 1500,2005,Crimson,5UMDU93407L185633
114,Lexus,LS Hybrid,2012,Fuscia,3GYFNAEY6AS976434
115,Land Rover,LR4,2012,Violet,1FMCU9E76AK431002
116,Land Rover,Range Rover,1997,Fuscia,4T1BF1FK4EU379814
117,Volvo,S40,2009,Purple,WUAGNAFG6CN215936
118,Kia,Sorento,2008,Purple,2C3CCAGG8EH480454
119,Nissan,Sentra,2011,Khaki,SAJWA4EC0FM436383
120,Ford,Bronco,1987,Purple,1FTSF3B5XAE502517
121,Toyota,MR2,1986,Blue,WBAVB73578F629809
122,Lamborghini,Diablo,2000,Red,JN1AJ0HPXAM084862
123,Toyota,Paseo,1996,Fuscia,ZHWGU5BZ1AL351566
124,Mercedes-Benz,SL-Class,2001,Indigo,SCBLF34F03C172238
125,Audi,RS 4,2007,Blue,3FA6P0SU5FR073045
126,Honda,Civic,1991,Fuscia,1N6AA0CJ8FN000620
127,Rolls-Royce,Ghost,2010,Pink,1N4AL2AP8BN308399
128,GMC,Savana,2012,Orange,KNDPB3AC1E7511654
129,Pontiac,Montana SV6,2005,Maroon,WAUWGAFB9AN314784
130,Nissan,Maxima,1990,Mauv,1FTEW1C89AK247077
131,Suzuki,Verona,2004,Purple,3C3CFFDR0DT754259
132,Acura,ZDX,2011,Pink,WBANB33554B186649
133,Oldsmobile,Regency,1998,Khaki,WVWGU7AN7AE316344
134,Ford,F-Series,2003,Aquamarine,YV1940AS8B1266319
135,Audi,4000s Quattro,1986,Crimson,JTHBE1KS1B0223602
136,Oldsmobile,Bravada,1993,Khaki,2HNYD18846H141000
137,Mazda,Millenia,2001,Red,1GKS1GKCXFR921799
138,Nissan,Datsun/Nissan Z-car,1990,Maroon,2B3CK8CT2AH396006
139,Chevrolet,1500,1996,Orange,KMHGC4DE8AU957291
140,Chevrolet,Express 2500,2004,Fuscia,3VW517AT1EM169496
141,Lamborghini,Countach,1989,Khaki,W04GU5GC8B1694475
142,Audi,riolet,1994,Goldenrod,1G6DX67D570346017
143,Ford,EXP,1985,Pink,WBA3A5C59CF192905
144,Saab,900,1998,Teal,KM8NU4CC8AU828133
145,Ford,Escort,2002,Red,5UMDU93416L884834
146,Nissan,Sentra,1995,Khaki,WBAKA4C58CC057972
147,Buick,LeSabre,2004,Goldenrod,JM1NC2NFXE0442135
148,Ford,F-Series Super Duty,2010,Aquamarine,3GYVKLEFXAG811391
149,Maybach,Landaulet,2009,Goldenrod,WAUJC68E25A595902
150,Acura,MDX,2003,Teal,JN8AE2KPXF9183413
151,Volkswagen,Eurovan,2003,Goldenrod,WAUAH74F39N099060
152,Chevrolet,Aveo,2005,Aquamarine,WBAWC73559E376952
153,Toyota,Supra,1995,Maroon,1G4HR57Y88U994561
154,Suzuki,SJ,1993,Purple,5FRYD3H84EB483745
155,Suzuki,Vitara,2001,Teal,SCBBR93W878086191
156,Mazda,B-Series,2008,Violet,1ZVBP8JS0C5812938
157,Mercedes-Benz,CLK-Class,2000,Khaki,1G6DL5EV0A0264057
158,Acura,Vigor,1994,Turquoise,JTDKDTB32E1898415
159,Lincoln,Aviator,2005,Indigo,
160,Lexus,LS,1996,Fuscia,WBAYB6C5XFD020231
161,Infiniti,G,2004,Fuscia,1FTSF3A57AE205237
162,Nissan,Frontier,2007,Blue,WAUHF78P19A823729
163,Mercury,Mystique,2000,Teal,19UUA56661A616533
164,Plymouth,Voyager,1998,Puce,1G4GA5GR1CF558577
165,Chevrolet,Lumina,1997,Purple,JHMZE2H31DS541487
166,Chevrolet,Camaro,1969,Maroon,5TFBW5F17BX486112
167,Saab,9-5,2009,Mauv,WBA3V7C56EJ476878
168,Land Rover,Range Rover,2000,Indigo,5FRYD4H8XFB390042
169,Chevrolet,Caprice,1983,Red,3D73M4HL4BG975404
170,Hyundai,Accent,2011,Goldenrod,WBA3B5C55DF760078
171,Maserati,430,1991,Red,WAUDC68D11A055097
172,BMW,1 Series,2010,Orange,WBAFR9C55BC774996
173,Volvo,850,1997,Maroon,JN8AZ1MU5CW599254
174,Chevrolet,Suburban 1500,1993,Blue,WAUAH74F77N506844
175,Dodge,Ram Van 1500,1998,Goldenrod,1GYS3KEF0DR427960
176,Toyota,RAV4,2008,Goldenrod,WBAPK5C52BA314675
177,Hyundai,Azera,2008,Puce,3FA6P0PU7FR365899
178,Pontiac,Grand Prix,2007,Mauv,1G6DG5E59D0202018
179,Chevrolet,SSR,2003,Yellow,5J8TB3H56FL593672
180,Audi,S8,2006,Orange,1J4RG4GK3AC369818
181,Saab,9-3,2006,Purple,WVGAV7AX5CW019537
182,Pontiac,Firebird,1999,Pink,WBAYA6C56FD422377
183,Toyota,RAV4,1999,Turquoise,WAUTFAFH0DN899303
184,Geo,Metro,1993,Teal,SCFBF04B08G096221
185,BMW,M3,2004,Yellow,WBALM7C52EJ967676
186,Mercury,Tracer,1998,Goldenrod,5LMJJ2H53EE860362
187,Chevrolet,Silverado 2500,2009,Maroon,KNDMA5C10F6333448
188,Pontiac,Fiero,1987,Orange,JH4CL95918C068879
189,Suzuki,Equator,2012,Indigo,5TFBW5F15DX292682
190,Chevrolet,HHR,2009,Green,NM0KS6AN6AT391846
191,Land Rover,Range Rover,2008,Goldenrod,1D7RB1CP0AS782828
192,Pontiac,Turbo Firefly,1988,Pink,5J8TB3H33FL286121
193,Mercedes-Benz,R-Class,2009,Crimson,1C3CDFCA2DD571162
194,Mercedes-Benz,S-Class,1991,Fuscia,SALFP2BG5FH983448
195,Toyota,Sienna,2011,Purple,19UUA66224A295016
196,Chevrolet,Malibu,2013,Crimson,1FT7W2A6XEE448085
197,Nissan,Pathfinder,2003,Blue,1FMJK1HT8FE196762
198,Subaru,Forester,2007,Blue,JN8AF5MR3BT987661
199,Ford,Edge,2010,Teal,WA1DVAFE9AD334818
200,Nissan,Altima,1999,Puce,1FMNE1BW5AD971125
201,Chevrolet,Corsica,1995,Turquoise,WAUEH98E58A727026
202,Toyota,RAV4,2001,Maroon,2C3CDXDT8CH061535
203,Lexus,LS,1999,Puce,1G6DP577170962074
204,Toyota,Corolla,2004,Indigo,WBAFU7C53BD786528
205,Dodge,Ramcharger,1992,Khaki,WA1LFAFP5FA724026
206,Ford,Mustang,1983,Crimson,WBAVB33526A823070
207,Chevrolet,Corvette,1960,Purple,3GYEK62N05G478928
208,Jeep,Commander,2009,Maroon,JN1AZ4EH6BM489938
209,Chrysler,PT Cruiser,2006,Teal,WBADS33421G993826
210,Dodge,Viper,2009,Mauv,1G6AB5R39F0747357
211,Chevrolet,Metro,1998,Indigo,1N4AL3AP2EC896807
212,Toyota,Corolla,1993,Khaki,2G61T5S3XE9829447
213,Honda,del Sol,1997,Fuscia,WAUFEBFM5BA498059
214,Hyundai,Tiburon,2004,Yellow,WAUAFAFL7FA761330
215,Subaru,Justy,1990,Maroon,SCFFDCCD4CG047799
216,Chevrolet,Impala,1995,Yellow,JN8AS5MT1DW890449
217,Volkswagen,R32,2004,Blue,1G4HP52K454479271
218,Chevrolet,Impala,2004,Green,1G6DA67V690593785
219,Oldsmobile,Silhouette,2003,Aquamarine,KNAGM4AD8B5490797
220,Chevrolet,Monte Carlo,1998,Purple,WAUKF78E95A442869
221,Buick,Skylark,1989,Crimson,WBALL5C52CE768446
222,GMC,Sonoma Club Coupe,1997,Indigo,3D73Y3HL6BG882138
223,Dodge,Caravan,1995,Teal,WVGAV7AX4BW289230
224,Aptera,2e,2009,Puce,2C3CDXGJ7FH964757
225,Mazda,Mazda5,2009,Puce,KMHGN4JEXFU256791
226,Volvo,XC90,2005,Red,SAJWJ0FF6F8186285
227,Audi,S4,2009,Khaki,5J8TB4H55EL225102
228,Chevrolet,Sportvan G20,1994,Khaki,WBAYF4C54ED246532
229,Subaru,Outback,2000,Teal,WAUPEAFM4AA307034
230,Mazda,MPV,1992,Crimson,WAUJFAFH7DN602051
231,Mitsubishi,Galant,1993,Turquoise,1G4GA5ECXBF652017
232,Chevrolet,Silverado 1500,1999,Fuscia,1G6DV8EP2B0675734
233,Land Rover,Range Rover,2000,Puce,WAUR2AFD4EN312864
234,Lexus,IS-F,2009,Crimson,19UUA66257A767830
235,Mercury,Villager,1996,Aquamarine,WAUFEAFM3AA001874
236,Ford,E-Series,1994,Blue,2LNBL8CVXAX078788
237,Mercedes-Benz,C-Class,2004,Fuscia,
238,Lincoln,MKS,2010,Red,2G4WF521641049558
239,Chevrolet,Tahoe,2004,Green,WAUVC58EX2A146961
240,Volkswagen,CC,2012,Red,3G5DA03E02S144852
241,Dodge,Intrepid,1997,Indigo,SCBET9ZA3F8123690
242,Toyota,Corolla,1996,Yellow,1N4AA5AP2EC821543
243,GMC,Vandura G2500,1995,Mauv,5TFBY5F1XDX641801
244,GMC,Sonoma Club,1992,Red,WBAWC3C54AP212979
245,Subaru,SVX,1995,Purple,1G6AZ5SX1F0398428
246,Chevrolet,Avalanche 2500,2005,Crimson,2C3CCAGG3CH785339
247,Buick,Regal,1989,Aquamarine,WAUML44E14N753189
248,Porsche,928,1993,Purple,WAUSF78K79A059637
249,Volkswagen,rio,1998,Red,1G4GA5ER6DF837060
250,Mercury,Milan,2009,Khaki,WBA3V5C52EJ234402
251,Mitsubishi,Montero,1997,Crimson,1FTEW1CF2FF721062
252,Audi,A8,2007,Fuscia,WAUAVAFD1CN125597
253,Subaru,Impreza,1995,Purple,WBAYE8C50ED312746
254,Audi,Q5,2009,Teal,3N1CN7AP0FL721212
255,Volvo,XC60,2009,Mauv,2LMHJ5AT3FB181642
256,Lamborghini,Countach,1989,Maroon,WA1C8BFP2FA343587
257,Infiniti,I,1996,Green,WAUFEAFM4AA070007
258,Cadillac,SRX,2007,Turquoise,2C4RDGCG7ER952035
259,Toyota,Sienna,2002,Maroon,2HNYD28377H852590
260,Acura,MDX,2001,Puce,JTDZN3EU0FJ725574
261,Mazda,Mazda5,2012,Crimson,1G6DP1E37D0782635
262,Nissan,Altima,1995,Maroon,1GYS4CEF5BR642590
263,Chevrolet,Caprice Classic,1993,Yellow,JH4DC23141S321861
264,Hummer,H3,2007,Turquoise,1C3CDZAB7EN009606
265,Buick,Terraza,2006,Goldenrod,WBA3C3C53EF549481
266,Chevrolet,Express,2006,Fuscia,SCBDR3ZA1AC376147
267,Volkswagen,Cabriolet,2000,Purple,3D7TP2CT2AG407587
268,Ford,Probe,1995,Indigo,WA1CYAFE2AD092604
269,Ford,Contour,1996,Green,KNAFT4A24D5555872
270,Volvo,C70,2012,Khaki,WUARL48H19K796049
271,GMC,2500,1997,Orange,19UUA76618A184701
272,Hyundai,Genesis,2009,Green,WVGEF9BP0FD464017
273,Pontiac,Sunfire,2005,Purple,SALAG2D42AA722597
274,Mazda,Miata MX-5,2012,Violet,1FTSW3A52AE105210
275,Hyundai,Elantra,2002,Indigo,3D7JB1EK7BG678246
276,Lexus,GS,2008,Turquoise,JA4AS2AW9DU247684
277,GMC,Yukon XL 1500,2011,Turquoise,1FTMF1EW2AK292207
278,Mitsubishi,Lancer Evolution,2003,Purple,1YVHZ8BHXA5176174
279,Acura,SLX,1998,Yellow,1G6DA5EY0B0642587
280,Chevrolet,Suburban 1500,2003,Orange,JH4DC538X3S990704
281,Ford,Aerostar,1990,Indigo,5UXKR6C51E0896615
282,Chrysler,LHS,2001,Fuscia,WBAPM7C58AE032005
283,Mercedes-Benz,S-Class,2002,Fuscia,1NXBU4EE1AZ406450
284,Ford,E150,1984,Indigo,WAURVAFA2AN044470
285,Chevrolet,Corvette,1975,Blue,WAUKF78E08A179885
286,Mercedes-Benz,E-Class,1985,Orange,1FTSX2B59AE401993
287,Chevrolet,Avalanche,2010,Orange,WA1LFBFP7CA484804
288,Chevrolet,Impala,2006,Green,WBALM7C57DE601400
289,Lamborghini,Murci√©lago,2010,Blue,2V4RW3DG3BR381419
290,Bentley,Continental GTC,2012,Khaki,3D73M4CL1BG239303
291,Hyundai,Genesis Coupe,2011,Violet,2HNYD2H32CH687946
292,Mitsubishi,Outlander Sport,2012,Pink,JTDKN3DP6E3444606
293,Dodge,Grand Caravan,1995,Blue,3C63DRML7CG085761
294,Mercedes-Benz,SL-Class,1994,Indigo,1FTEW1CM2EK065658
295,Ford,Explorer,2003,Khaki,JTHCL5EFXF5337011
296,Chevrolet,Astro,2003,Teal,WBABW33464P799154
297,Chevrolet,Tracker,2000,Pink,2B3CK9CV3AH365418
298,MINI,Cooper Countryman,2011,Maroon,WBAKF9C5XBE417552
299,Toyota,Echo,2000,Crimson,3FA6P0LUXFR557758
300,Ford,LTD,1984,Orange,WBAAZ33473P841400
301,Chevrolet,Tahoe,2006,Crimson,WBAVL1C52DV593327
302,Mercury,Cougar,1968,Puce,JH4DC54894S726177
303,Oldsmobile,Achieva,1995,Goldenrod,2HNYD2H32DH575780
304,Chevrolet,LUV,1979,Fuscia,
305,Dodge,Viper,2000,Aquamarine,2C3CDXCT3EH574521
306,Audi,A6,2011,Crimson,1C4SDJCT2CC288938
307,GMC,Savana 2500,2012,Blue,1GKKRNED2CJ577137
308,Lotus,Exige,2006,Teal,WVWAN7ANXEE934623
309,Austin,Mini Cooper,1961,Mauv,1GYS4CEF2ER595197
310,Cadillac,Escalade,1999,Blue,1C3CCBCG5DN214066
311,Chevrolet,Equinox,2010,Goldenrod,1G6KS54Y73U063158
312,Pontiac,Sunbird,1989,Yellow,WBAHN83516D799179
313,Cadillac,Escalade,1999,Orange,2V4RW3DG4BR289235
314,Chevrolet,1500,1996,Blue,5TDBW5G16AS207199
315,Volkswagen,Touareg,2004,Indigo,JH4CL95945C598873
316,Dodge,Avenger,1996,Crimson,WBALL5C54FP616810
317,Pontiac,LeMans,1992,Fuscia,WBAVA33517P252981
318,Buick,Park Avenue,2003,Turquoise,2C3CCAPT3CH741788
319,Hyundai,Elantra,1993,Yellow,JTJBARBZ4F2398927
320,Toyota,Supra,1997,Violet,1GYEC63N96R843135
321,Audi,A8,2001,Orange,WUARL48H56K168703
322,Saab,900,1998,Purple,WBAKF9C53BE921800
323,Volkswagen,GTI,2008,Green,5NPDH4AE9EH524592
324,Oldsmobile,Cutlass Supreme,1993,Teal,1GD120EG0BF856852
325,Chrysler,New Yorker,1995,Fuscia,3VWML7AJ7CM570536
326,Ford,Econoline E350,1997,Purple,WBAYP1C57ED425062
327,Volkswagen,rio,1999,Fuscia,WBAVB33526P707204
328,BMW,M3,2009,Goldenrod,SCBCP73W68C491690
329,Cadillac,DTS,2011,Violet,4T1BD1FK0FU605452
330,Mazda,Protege,2001,Aquamarine,1G6AX5SX1E0804115
331,Plymouth,Colt Vista,1993,Maroon,WAUXL58E04A893321
332,Mercedes-Benz,SLK-Class,2003,Crimson,JH4CL969X6C169897
333,Land Rover,Range Rover,2007,Blue,1G6AK5S36F0845062
334,Volkswagen,Eos,2007,Maroon,KM8JT3AB0CU963647
335,Porsche,Boxster,2003,Puce,WAUDFAFL3DN854316
336,Acura,RDX,2008,Orange,WAUDT74F75N553977
337,Pontiac,GTO,1965,Turquoise,WBA1M1C55FV237081
338,Volkswagen,New Beetle,2010,Indigo,WAUDH78E66A325982
